Medical Field,Name,Street Address,State,Post Code,Phone,Email,White Card,Gold Card,Notes,,,,,,,,,,,,,,,,
General Dentistry,Happy Smile Dental,"653 Stud Road, Scoresby",VIC,3179,03 9759 9066,happysmiledental@live.com,Yes,Yes,Bulk billing available for DVA cardholders,,,,,,,,,,,,,,,,
General Dentistry,Highett Medical and Dental Centre,"1209-1215 Nepean Highway, Highett",VIC,3190,(03) 8523 9030,,Yes,Yes,Bulk billing available for DVA cardholders,,,,,,,,,,,,,,,,
General Dentistry,Eagleby Dental,"Eagleby Central, Shop 10, 116-120 River Hills Road, Eagleby",QLD,4207,07 3382 7500,admin@eaglebydental.com.au,Yes,Yes,Accepts DVA funding ,,,,,,,,,,,,,,,,
General Dentistry,Killoran Dental,"50 Sumners Road, Sumner",QLD,4074,07 3376 1065,reception@killorandental.com.au,Yes,Yes,Accepts DVA funding,,,,,,,,,,,,,,,,
General Dentistry,Franklin Bright Smiles,"Unit 3, 54 Nullarbor Avenue, Franklin",ACT,2913,02 6274 0404,reception@franklinbrightsmiles.com.au,Yes,Yes,Comprehensive dental care provided for DVA cardholders,,,,,,,,,,,,,,,,
General Dentistry,Beyond Smiles Dental Bertram,"4 Hero Crescent, Bertram",WA,6167,08 9419 5417,bertram@beyondsmilesdental.com.au,Yes,Yes,Bulk billing available for DVA claims,,,,,,,,,,,,,,,,
General Dentistry,Melbourne St Family Dental,"55 Melbourne Street, North Adelaide",SA,5006,08 8267 2658,reception.msdg@gmail.com,Yes,Yes,Bulk billing available for DVA cardholders,,,,,,,,,,,,,,,,
